surname,firstname,middle_name,strand,email,reference_number,pupcet_score
FERRER,MARY,AQUINO,HUMSS,mary.ferrer251@yahoo.com,2026-242-854,55.12
DELOS REYES,BRIAN,CRUZ,TVL,brian.delosreyes433@gmail.com,2026-130-195,60.93
TOLENTINO,EDWARD,AQUINO,TVL,edward.tolentino204@mail.com,2026-529-325,72.46
CASTRO,JUAN,ZAMORA,ABM,juan.castro715@hotmail.com,2026-448-384,57.77
ESPINOSA,JESSICA,DELOS SANTOS,STEM,jessica.espinosa390@gmail.com,2026-467-967,67.2
AQUINO,JOSE,YABUT,GAS,jose.aquino550@gmail.com,2026-487-180,77.6
FERRER,ASHLEY,DIMACULANGAN,HUMSS,ashley.ferrer592@yahoo.com,2026-821-171,52.29
GONZALES,SOPHIA,JACINTO,STEM,sophia.gonzales876@yahoo.com,2026-987-203,69.01
DIZON,CARLO,BUENAVENTURA,HUMSS,carlo.dizon167@outlook.com,2026-463-314,83.51
VENTURA,ALTHEA,UMALI,STEM,althea.ventura624@yahoo.com,2026-646-846,62.24
DIZON,ANTHONY,IGNACIO,TVL,anthony.dizon225@outlook.com,2026-963-886,88.8
GONZALES,JOSE,ABLAZA,HUMSS,jose.gonzales411@outlook.com,2026-167-316,95.66
DOMINGO,TRISHA,KAPUNAN,ABM,trisha.domingo672@hotmail.com,2026-505-758,72.94
AQUINO,JAMES,HERNANDEZ,TVL,james.aquino552@outlook.com,2026-864-698,71.42
LOZANO,KAREN,LACSON,ABM,karen.lozano142@mail.com,2026-605-193,87.79
MENDOZA,PATRICIA,UMALI,ABM,patricia.mendoza812@hotmail.com,2026-710-165,69.24
PADILLA,LISA,QUIZON,HUMSS,lisa.padilla995@mail.com,2026-981-111,84.01
MENDOZA,ALTHEA,DIMACULANGAN,TVL,althea.mendoza769@outlook.com,2026-887-756,67.01
JIMENEZ,NANCY,FRANCISCO,GAS,nancy.jimenez4@outlook.com,2026-612-880,58.93
GARCIA,CARLO,JACINTO,TVL,carlo.garcia624@yahoo.com,2026-256-482,88.13
MERCADO,SOPHIA,EVANGELISTA,TVL,sophia.mercado941@gmail.com,2026-713-431,74.43
MENDOZA,SARAH,DIMACULANGAN,HUMSS,sarah.mendoza246@gmail.com,2026-346-999,78.37
OCAMPO,ANGEL,YABUT,GAS,angel.ocampo836@gmail.com,2026-878-645,88.29
TORRES,REIGN,PANGANIBAN,TVL,reign.torres170@outlook.com,2026-640-993,80.33
FLORES,BRIAN,ZAMORA,ABM,brian.flores731@outlook.com,2026-508-787,82.49
SANTIAGO,BETTY,OLIVARES,STEM,betty.santiago254@yahoo.com,2026-165-446,51.05
SALAZAR,DAVID,SARMIENTO,ABM,david.salazar8@gmail.com,2026-824-746,52.94
BAUTISTA,JOSE,CONCEPCION,HUMSS,jose.bautista73@mail.com,2026-343-385,83.45
FLORES,BRIAN,ESPIRITU,TVL,brian.flores591@hotmail.com,2026-348-903,73.65
HERNANDEZ,MICHAEL,DELOS SANTOS,STEM,michael.hernandez675@hotmail.com,2026-462-533,70.56
CORPUZ,ANA,VELASCO,STEM,ana.corpuz63@hotmail.com,2026-845-447,90.03
GARCIA,ELIZABETH,GUTIERREZ,ABM,elizabeth.garcia550@hotmail.com,2026-243-532,59.17
DIZON,ELIZABETH,CONCEPCION,STEM,elizabeth.dizon454@mail.com,2026-200-151,82.61
MERCADO,JUAN,CRUZ,ABM,juan.mercado171@hotmail.com,2026-597-592,60.69
MARTINEZ,ANA,FRANCISCO,GAS,ana.martinez3@hotmail.com,2026-371-902,89.26
JIMENEZ,NANCY,WONG,TVL,nancy.jimenez678@hotmail.com,2026-258-294,64.84
CRUZ,SANDRA,YABUT,TVL,sandra.cruz63@outlook.com,2026-158-151,79.21
TOLENTINO,BETTY,FRANCISCO,STEM,betty.tolentino984@mail.com,2026-182-971,59.29
PADILLA,MARK,VELASCO,ABM,mark.padilla414@gmail.com,2026-683-352,78.95
REYES,ASHLEY,CRUZ,GAS,ashley.reyes674@mail.com,2026-678-635,65.82
AQUINO,LINDA,VELASCO,HUMSS,linda.aquino245@outlook.com,2026-505-234,83.58
MORALES,LISA,KAPUNAN,STEM,lisa.morales10@hotmail.com,2026-736-676,99.8
BAUTISTA,BRIAN,GUTIERREZ,TVL,brian.bautista272@yahoo.com,2026-457-170,93.96
AGUILAR,CHARLES,FRANCISCO,GAS,charles.aguilar854@mail.com,2026-820-409,80.58
MAGNO,BETTY,AQUINO,TVL,betty.magno307@gmail.com,2026-999-237,63.22
GARCIA,RAFAEL,REGALADO,ABM,rafael.garcia279@outlook.com,2026-719-315,85.88
FLORES,ALTHEA,UMALI,HUMSS,althea.flores518@hotmail.com,2026-357-966,52.54
FERRER,NANCY,BUENAVENTURA,HUMSS,nancy.ferrer46@gmail.com,2026-441-889,56.54
AQUINO,ROBERT,YABUT,GAS,robert.aquino565@hotmail.com,2026-674-109,55.59
VENTURA,PATRICIA,REGALADO,STEM,patricia.ventura855@outlook.com,2026-696-665,57.4
TORRES,JOSE,JACINTO,HUMSS,jose.torres921@gmail.com,2026-466-315,84.1
PANGILINAN,JOHN,LACSON,TVL,john.pangilinan906@hotmail.com,2026-735-867,57.73
RAMOS,ROBERT,ABLAZA,ABM,robert.ramos903@hotmail.com,2026-125-283,86.83
PASCUAL,CHRISTOPHER,ABLAZA,ABM,christopher.pascual274@yahoo.com,2026-906-818,55.4
REYES,ANDREW,HERNANDEZ,ABM,andrew.reyes837@hotmail.com,2026-458-412,91.03
GONZALES,DAVID,AQUINO,ABM,david.gonzales409@outlook.com,2026-385-985,53.47
FAJARDO,BARBARA,LACSON,TVL,barbara.fajardo410@mail.com,2026-439-128,55.77
AQUINO,JENNIFER,SARMIENTO,HUMSS,jennifer.aquino40@gmail.com,2026-710-544,67.28
NAVARRO,NANCY,TANEDO,TVL,nancy.navarro119@hotmail.com,2026-690-294,62.74
CABRERA,NANCY,AQUINO,TVL,nancy.cabrera948@mail.com,2026-803-836,97.01
DELOS REYES,REIGN,GUTIERREZ,HUMSS,reign.delosreyes442@gmail.com,2026-780-438,81.16
PANGILINAN,MARY,YABUT,HUMSS,mary.pangilinan520@outlook.com,2026-782-518,66.31
VENTURA,CHARLES,REGALADO,ABM,charles.ventura197@hotmail.com,2026-780-488,83.87
CASTILLO,ASHLEY,SARMIENTO,HUMSS,ashley.castillo416@mail.com,2026-953-100,65.19
FLORES,NANCY,ABLAZA,TVL,nancy.flores622@outlook.com,2026-576-552,72.11
FLORES,KEVIN,PANGANIBAN,ABM,kevin.flores675@gmail.com,2026-390-627,83.19
ENRIQUEZ,JESSICA,CRUZ,ABM,jessica.enriquez689@outlook.com,2026-330-925,59.96
SANTOS,JOSE,HERNANDEZ,GAS,jose.santos626@gmail.com,2026-566-524,94.31
DOMINGO,MICHAEL,WONG,GAS,michael.domingo507@hotmail.com,2026-349-251,82.8
DELA CRUZ,GABRIEL,CONCEPCION,STEM,gabriel.delacruz798@hotmail.com,2026-324-280,90.21
VENTURA,BETTY,OLIVARES,STEM,betty.ventura571@yahoo.com,2026-968-224,72.82
DIZON,REIGN,QUIZON,TVL,reign.dizon610@outlook.com,2026-873-553,80.63
CORPUZ,KEVIN,NATIVIDAD,TVL,kevin.corpuz457@yahoo.com,2026-861-982,73.73
AQUINO,GABRIEL,HERNANDEZ,HUMSS,gabriel.aquino785@mail.com,2026-596-741,61.96
SANTIAGO,MARK,WONG,HUMSS,mark.santiago241@outlook.com,2026-443-427,94.65
OCAMPO,JAMES,ESPIRITU,ABM,james.ocampo393@yahoo.com,2026-823-319,53.21
HERNANDEZ,JESSICA,REGALADO,GAS,jessica.hernandez426@gmail.com,2026-311-952,71.01
FAJARDO,SANDRA,WONG,STEM,sandra.fajardo878@mail.com,2026-489-588,50.29
VILLANUEVA,SUSAN,ZAMORA,GAS,susan.villanueva874@hotmail.com,2026-651-865,86.73
PADILLA,DAVID,PANGANIBAN,ABM,david.padilla280@hotmail.com,2026-597-129,69.44
PANGILINAN,ALTHEA,ABLAZA,GAS,althea.pangilinan742@yahoo.com,2026-960-578,95.98
ENRIQUEZ,BRIAN,AQUINO,GAS,brian.enriquez607@mail.com,2026-778-127,54.2
PEREZ,JAMES,CONCEPCION,GAS,james.perez187@gmail.com,2026-366-488,66.37
DIZON,DANIEL,KAPUNAN,GAS,daniel.dizon285@hotmail.com,2026-358-954,54.1
SANTOS,RAFAEL,REGALADO,STEM,rafael.santos975@outlook.com,2026-329-765,53.43
MAGNO,JOSE,ZAMORA,STEM,jose.magno973@yahoo.com,2026-304-959,51.02
TOMAS,ELIZABETH,ESPIRITU,GAS,elizabeth.tomas686@gmail.com,2026-677-323,73.25
AQUINO,SOPHIA,LACSON,ABM,sophia.aquino621@mail.com,2026-865-835,55.73
ANDRADE,SUSAN,DELOS SANTOS,TVL,susan.andrade27@outlook.com,2026-689-793,95.4
LOPEZ,KAREN,WONG,ABM,karen.lopez78@mail.com,2026-807-950,81.36
GARCIA,KYLA,ZAMORA,HUMSS,kyla.garcia871@mail.com,2026-924-223,89.81
DOMINGO,JOSE,LACSON,TVL,jose.domingo439@outlook.com,2026-170-618,82.38
DELA CRUZ,CHRISTOPHER,BUENAVENTURA,GAS,christopher.delacruz109@hotmail.com,2026-470-750,94.58
DIZON,TRISHA,ESPIRITU,GAS,trisha.dizon181@mail.com,2026-766-376,80.8
MERCADO,SOPHIA,PANGANIBAN,GAS,sophia.mercado447@mail.com,2026-374-430,92.59
OCAMPO,BARBARA,DIMACULANGAN,GAS,barbara.ocampo250@hotmail.com,2026-683-724,83.41
PASCUAL,MARIA,PANGANIBAN,HUMSS,maria.pascual187@hotmail.com,2026-317-463,89.89
PASCUAL,BARBARA,DIMACULANGAN,TVL,barbara.pascual719@outlook.com,2026-669-110,75.83
RIVERA,ANGEL,HERNANDEZ,GAS,angel.rivera501@mail.com,2026-876-346,84.53
MAGNO,TRISHA,PANGANIBAN,GAS,trisha.magno812@gmail.com,2026-195-401,61.08
VENTURA,ELIZABETH,JACINTO,TVL,elizabeth.ventura378@hotmail.com,2026-666-643,67.19
DELOS REYES,DOROTHY,KAPUNAN,HUMSS,dorothy.delosreyes720@hotmail.com,2026-377-413,62.57
MENDOZA,PAULO,GUTIERREZ,HUMSS,paulo.mendoza123@mail.com,2026-880-806,59.26
FLORES,RAFAEL,PANGANIBAN,HUMSS,rafael.flores742@mail.com,2026-878-637,79.84
GARCIA,MICHAEL,JACINTO,ABM,michael.garcia370@yahoo.com,2026-409-114,85.4
TORRES,BARBARA,BAUTISTA,STEM,barbara.torres567@outlook.com,2026-814-229,81.89
ESPINOSA,MARGARET,DELOS SANTOS,STEM,margaret.espinosa588@outlook.com,2026-580-590,72.02
CASTILLO,ANA,IGNACIO,GAS,ana.castillo117@gmail.com,2026-510-603,53.7
FERRER,ALTHEA,BAUTISTA,ABM,althea.ferrer153@mail.com,2026-411-187,99.7
MENDOZA,DOROTHY,ZAMORA,GAS,dorothy.mendoza621@mail.com,2026-909-733,61.28
VALDEZ,ANTHONY,OLIVARES,GAS,anthony.valdez305@mail.com,2026-539-412,78.43
CRUZ,ASHLEY,YABUT,STEM,ashley.cruz971@yahoo.com,2026-740-316,63.23
OCAMPO,ROBERT,HERNANDEZ,ABM,robert.ocampo566@gmail.com,2026-260-102,70.43
VENTURA,EDWARD,PANGANIBAN,HUMSS,edward.ventura34@yahoo.com,2026-395-823,64.14
DIZON,MARK,VELASCO,ABM,mark.dizon947@outlook.com,2026-906-910,81.25
PANGILINAN,MICHAEL,NATIVIDAD,STEM,michael.pangilinan558@yahoo.com,2026-763-252,95.42
TOMAS,MARK,BAUTISTA,ABM,mark.tomas812@outlook.com,2026-709-866,91.21
JIMENEZ,JOSHUA,DELOS SANTOS,GAS,joshua.jimenez706@outlook.com,2026-816-512,97.13
TOLENTINO,BRIAN,PANGANIBAN,GAS,brian.tolentino83@mail.com,2026-140-542,86.73
PADILLA,RICHARD,AQUINO,STEM,richard.padilla235@mail.com,2026-701-121,99.98
ROSARIO,BARBARA,SARMIENTO,STEM,barbara.rosario782@yahoo.com,2026-581-631,82.58
CASTRO,JENNIFER,SARMIENTO,GAS,jennifer.castro651@hotmail.com,2026-193-581,67.4
PASCUAL,DANIEL,VELASCO,STEM,daniel.pascual879@yahoo.com,2026-437-521,84.68
JIMENEZ,REIGN,MAGBANUA,TVL,reign.jimenez38@hotmail.com,2026-190-422,62.62
MENDOZA,SOPHIA,MAGBANUA,TVL,sophia.mendoza845@gmail.com,2026-773-990,77.13
HERNANDEZ,ANA,GUTIERREZ,TVL,ana.hernandez371@mail.com,2026-874-610,81.27
ESPINOSA,ANA,GUTIERREZ,HUMSS,ana.espinosa563@yahoo.com,2026-394-548,94.04
SORIANO,MARY,AQUINO,TVL,mary.soriano819@yahoo.com,2026-826-262,65.54
DELA CRUZ,DOROTHY,NATIVIDAD,STEM,dorothy.delacruz231@gmail.com,2026-572-220,82.39
TOMAS,MARGARET,EVANGELISTA,HUMSS,margaret.tomas522@outlook.com,2026-525-954,74.12
MANALO,ELIZABETH,OLIVARES,TVL,elizabeth.manalo149@hotmail.com,2026-295-713,75.41
TORRES,MARK,IGNACIO,GAS,mark.torres349@mail.com,2026-373-940,50.13
CORPUZ,SUSAN,BUENAVENTURA,TVL,susan.corpuz594@hotmail.com,2026-986-252,72.33
MANALO,MATTHEW,KAPUNAN,TVL,matthew.manalo782@mail.com,2026-486-566,96.64
RIVERA,KYLA,HERNANDEZ,TVL,kyla.rivera393@yahoo.com,2026-976-894,70.54
NAVARRO,RAFAEL,PANGANIBAN,GAS,rafael.navarro396@yahoo.com,2026-607-137,56.31
LOZANO,JESSICA,CONCEPCION,STEM,jessica.lozano896@hotmail.com,2026-202-638,95.52
DELA CRUZ,PAULO,ESPIRITU,GAS,paulo.delacruz892@yahoo.com,2026-176-580,89.08
AQUINO,JESSICA,TANEDO,GAS,jessica.aquino666@gmail.com,2026-972-436,92.62
MERCADO,ANTHONY,KAPUNAN,GAS,anthony.mercado894@mail.com,2026-136-732,53.42
FERRER,ALTHEA,EVANGELISTA,HUMSS,althea.ferrer233@gmail.com,2026-544-200,88.02
CABRERA,JOHN,OLIVARES,ABM,john.cabrera711@outlook.com,2026-129-147,66.22
CRUZ,CHARLES,LACSON,HUMSS,charles.cruz442@yahoo.com,2026-350-643,70.6
ROSARIO,JENNIFER,FRANCISCO,ABM,jennifer.rosario81@mail.com,2026-991-491,80.99
RAMOS,MARGARET,EVANGELISTA,TVL,margaret.ramos147@yahoo.com,2026-572-753,62.7
AQUINO,REIGN,AQUINO,GAS,reign.aquino923@outlook.com,2026-793-659,57.9
SANTIAGO,MATTHEW,SARMIENTO,HUMSS,matthew.santiago655@hotmail.com,2026-806-356,72.84
MORALES,MICHAEL,MAGBANUA,GAS,michael.morales110@yahoo.com,2026-490-685,67.95
JIMENEZ,KYLA,JACINTO,STEM,kyla.jimenez850@hotmail.com,2026-381-108,78.3
ROSARIO,SOPHIA,YABUT,STEM,sophia.rosario933@mail.com,2026-863-608,91.64
JIMENEZ,SOPHIA,ABLAZA,ABM,sophia.jimenez622@outlook.com,2026-324-751,59.51
AQUINO,ALTHEA,ZAMORA,ABM,althea.aquino644@gmail.com,2026-742-761,51.97
SANTIAGO,JOSE,SARMIENTO,HUMSS,jose.santiago750@yahoo.com,2026-192-402,66.34
HERNANDEZ,JENNIFER,GUTIERREZ,ABM,jennifer.hernandez806@mail.com,2026-997-474,76.54
CASTRO,ROBERT,IGNACIO,GAS,robert.castro991@outlook.com,2026-864-991,66.94
MENDOZA,LISA,CRUZ,ABM,lisa.mendoza773@yahoo.com,2026-980-792,86.21
MARTINEZ,DOROTHY,LACSON,STEM,dorothy.martinez810@hotmail.com,2026-114-370,76.83
DIZON,SARAH,VELASCO,HUMSS,sarah.dizon599@hotmail.com,2026-942-753,97.01
GARCIA,ALTHEA,HERNANDEZ,GAS,althea.garcia26@mail.com,2026-674-435,95.76
GONZALES,PRINCESS,CRUZ,GAS,princess.gonzales932@outlook.com,2026-764-518,55.83
REYES,JOSE,JACINTO,GAS,jose.reyes119@gmail.com,2026-340-650,56.78
DIZON,SARAH,VELASCO,TVL,sarah.dizon430@mail.com,2026-860-844,57.73
HERNANDEZ,PRINCESS,DELOS SANTOS,GAS,princess.hernandez631@hotmail.com,2026-386-133,84.51
FLORES,JOSHUA,OLIVARES,ABM,joshua.flores876@outlook.com,2026-201-802,68.37
MAGNO,MATTHEW,BAUTISTA,GAS,matthew.magno283@yahoo.com,2026-225-968,91.21
OCAMPO,REIGN,GUTIERREZ,TVL,reign.ocampo995@gmail.com,2026-151-905,66.68
TORRES,GEORGE,GUTIERREZ,STEM,george.torres850@mail.com,2026-312-700,60.8
GONZALES,JESSICA,ZAMORA,ABM,jessica.gonzales808@mail.com,2026-102-383,92.92
TOMAS,JAMES,REGALADO,HUMSS,james.tomas818@yahoo.com,2026-212-776,93.32
TORRES,JUAN,LACSON,ABM,juan.torres603@outlook.com,2026-116-278,63.27
TORRES,RAFAEL,NATIVIDAD,TVL,rafael.torres117@gmail.com,2026-587-559,88.9
TOLENTINO,SANDRA,DELOS SANTOS,GAS,sandra.tolentino516@yahoo.com,2026-729-144,86.36
PANGILINAN,BETTY,JACINTO,GAS,betty.pangilinan659@gmail.com,2026-162-590,92.36
PEREZ,ALTHEA,DELOS SANTOS,GAS,althea.perez730@hotmail.com,2026-175-182,66.11
TOMAS,MARK,ESPIRITU,HUMSS,mark.tomas640@mail.com,2026-661-829,66.26
PADILLA,BETTY,JACINTO,GAS,betty.padilla518@mail.com,2026-540-201,89.65
MENDOZA,PRINCESS,UMALI,TVL,princess.mendoza739@yahoo.com,2026-540-562,94.4
HERNANDEZ,JESSICA,BUENAVENTURA,GAS,jessica.hernandez409@hotmail.com,2026-847-197,65.63
NAVARRO,REIGN,IGNACIO,HUMSS,reign.navarro977@yahoo.com,2026-803-585,53.36
OCAMPO,ANGEL,NATIVIDAD,STEM,angel.ocampo763@outlook.com,2026-931-233,77.82
LOZANO,DOROTHY,REGALADO,HUMSS,dorothy.lozano687@gmail.com,2026-520-462,93.68
ESPINOSA,NANCY,CONCEPCION,STEM,nancy.espinosa992@outlook.com,2026-714-419,67.58
DOMINGO,KEVIN,GUTIERREZ,ABM,kevin.domingo673@hotmail.com,2026-329-967,55.41
SALAZAR,SARAH,DELOS SANTOS,HUMSS,sarah.salazar588@yahoo.com,2026-926-539,92.26
FAJARDO,ASHLEY,TANEDO,TVL,ashley.fajardo27@mail.com,2026-773-949,84.67
SANTOS,JENNIFER,IGNACIO,HUMSS,jennifer.santos944@outlook.com,2026-459-106,59.07
TOMAS,GEORGE,VELASCO,GAS,george.tomas72@yahoo.com,2026-858-748,98.59
OCAMPO,RAFAEL,QUIZON,ABM,rafael.ocampo386@hotmail.com,2026-564-449,57.87
MORALES,PAULO,KAPUNAN,TVL,paulo.morales611@gmail.com,2026-153-259,57.87
ENRIQUEZ,ANA,VELASCO,STEM,ana.enriquez279@hotmail.com,2026-777-534,74.28
SANTIAGO,CHRISTOPHER,IGNACIO,ABM,christopher.santiago774@mail.com,2026-216-453,71.5
JIMENEZ,ALTHEA,VELASCO,TVL,althea.jimenez499@mail.com,2026-783-415,52.27
MARTINEZ,EDWARD,BAUTISTA,STEM,edward.martinez210@outlook.com,2026-316-885,56.86
AQUINO,CHARLES,KAPUNAN,STEM,charles.aquino8@hotmail.com,2026-864-540,58.78
LOPEZ,BRIAN,WONG,ABM,brian.lopez513@mail.com,2026-953-784,90.31
BAUTISTA,KAREN,CONCEPCION,STEM,karen.bautista447@gmail.com,2026-570-179,93.11
DOMINGO,NANCY,SARMIENTO,GAS,nancy.domingo727@hotmail.com,2026-396-217,70.25
NAVARRO,ROBERT,ABLAZA,TVL,robert.navarro472@outlook.com,2026-190-547,92.22
RAMOS,NANCY,SARMIENTO,GAS,nancy.ramos537@gmail.com,2026-505-991,65.51
PASCUAL,DAVID,KAPUNAN,ABM,david.pascual79@mail.com,2026-748-216,76.53
RIVERA,SOPHIA,LACSON,HUMSS,sophia.rivera745@yahoo.com,2026-341-205,57.32
RIVERA,JENNIFER,TANEDO,ABM,jennifer.rivera779@gmail.com,2026-281-891,81.4
DIZON,GABRIEL,SARMIENTO,TVL,gabriel.dizon460@mail.com,2026-758-750,99.33
NAVARRO,CARLO,KAPUNAN,ABM,carlo.navarro451@gmail.com,2026-580-552,81.57
CASTRO,SANDRA,BAUTISTA,HUMSS,sandra.castro520@gmail.com,2026-417-572,72.6
CRUZ,SARAH,BUENAVENTURA,HUMSS,sarah.cruz79@gmail.com,2026-729-708,75.35
DIZON,SANDRA,REGALADO,STEM,sandra.dizon461@mail.com,2026-767-292,66.08
MANALO,KEVIN,ESPIRITU,STEM,kevin.manalo462@gmail.com,2026-930-957,67.17
CABRERA,ANGEL,QUIZON,ABM,angel.cabrera41@yahoo.com,2026-824-548,99.55
VALDEZ,BETTY,TANEDO,ABM,betty.valdez373@outlook.com,2026-389-496,70.44
PASCUAL,ALTHEA,TANEDO,STEM,althea.pascual809@outlook.com,2026-167-437,54.73
ROSARIO,ANTHONY,JACINTO,HUMSS,anthony.rosario742@mail.com,2026-994-253,66.67
LOZANO,REIGN,ESPIRITU,HUMSS,reign.lozano318@hotmail.com,2026-232-709,85.44
OCAMPO,SUSAN,REGALADO,GAS,susan.ocampo659@outlook.com,2026-932-230,83.51
DELOS REYES,ALTHEA,EVANGELISTA,TVL,althea.delosreyes96@hotmail.com,2026-620-470,50.91
MORALES,JENNIFER,GUTIERREZ,HUMSS,jennifer.morales971@hotmail.com,2026-296-331,100.0
TOMAS,MARK,JACINTO,STEM,mark.tomas520@mail.com,2026-955-856,94.18
REYES,REIGN,KAPUNAN,TVL,reign.reyes135@mail.com,2026-485-257,58.11
VENTURA,SOPHIA,TANEDO,ABM,sophia.ventura739@hotmail.com,2026-144-520,68.21
CORPUZ,ELIZABETH,OLIVARES,TVL,elizabeth.corpuz292@hotmail.com,2026-339-646,61.96
MANALO,MICHAEL,LACSON,TVL,michael.manalo452@hotmail.com,2026-887-388,88.91
TOLENTINO,BETTY,NATIVIDAD,ABM,betty.tolentino837@yahoo.com,2026-920-719,56.92
AQUINO,ANA,UMALI,GAS,ana.aquino896@outlook.com,2026-667-205,85.57
VALDEZ,MARY,JACINTO,STEM,mary.valdez782@yahoo.com,2026-379-560,95.27
TOMAS,NANCY,CRUZ,ABM,nancy.tomas837@hotmail.com,2026-457-127,70.74
MARTINEZ,KEVIN,LACSON,ABM,kevin.martinez396@gmail.com,2026-483-329,51.41
GARCIA,TRISHA,UMALI,HUMSS,trisha.garcia811@yahoo.com,2026-240-139,64.34
MANALO,KYLA,BUENAVENTURA,ABM,kyla.manalo778@hotmail.com,2026-559-730,50.26
OCAMPO,MARIA,IGNACIO,ABM,maria.ocampo856@yahoo.com,2026-661-844,80.44
PEREZ,MARY,ZAMORA,HUMSS,mary.perez244@outlook.com,2026-224-148,61.92
FERRER,ASHLEY,OLIVARES,STEM,ashley.ferrer114@hotmail.com,2026-711-648,50.82
TOLENTINO,GEORGE,HERNANDEZ,ABM,george.tolentino299@hotmail.com,2026-101-729,67.64
DOMINGO,CHRISTOPHER,FRANCISCO,STEM,christopher.domingo537@outlook.com,2026-169-638,77.2
TOLENTINO,DOROTHY,AQUINO,GAS,dorothy.tolentino895@hotmail.com,2026-144-750,69.34
AGUILAR,RICHARD,YABUT,STEM,richard.aguilar366@gmail.com,2026-453-346,86.65
FERRER,JOHN,ZAMORA,TVL,john.ferrer753@outlook.com,2026-236-145,67.61
PASCUAL,PRINCESS,FRANCISCO,GAS,princess.pascual713@hotmail.com,2026-746-286,90.57
BAUTISTA,TRISHA,ZAMORA,GAS,trisha.bautista38@outlook.com,2026-306-144,89.56
REYES,DANIEL,EVANGELISTA,HUMSS,daniel.reyes528@hotmail.com,2026-934-656,73.67
REYES,GABRIEL,UMALI,ABM,gabriel.reyes293@outlook.com,2026-982-899,52.39
MAGNO,JESSICA,IGNACIO,STEM,jessica.magno819@outlook.com,2026-547-509,87.17
LOPEZ,JESSICA,FRANCISCO,GAS,jessica.lopez709@hotmail.com,2026-476-916,75.96
OCAMPO,PAULO,NATIVIDAD,STEM,paulo.ocampo441@mail.com,2026-942-284,77.27
NAVARRO,JOHN,CRUZ,HUMSS,john.navarro677@outlook.com,2026-413-556,80.13
PEREZ,ROBERT,WONG,GAS,robert.perez360@hotmail.com,2026-143-844,93.5
VILLANUEVA,ASHLEY,NATIVIDAD,HUMSS,ashley.villanueva655@gmail.com,2026-176-787,81.88
AGUILAR,KEVIN,ABLAZA,ABM,kevin.aguilar976@gmail.com,2026-246-969,80.38
SANTIAGO,JOSE,ESPIRITU,STEM,jose.santiago242@outlook.com,2026-470-492,97.47
REYES,EDWARD,ESPIRITU,GAS,edward.reyes972@outlook.com,2026-480-554,88.15
DOMINGO,JAMES,QUIZON,HUMSS,james.domingo408@outlook.com,2026-765-385,62.48
MENDOZA,MARIA,YABUT,ABM,maria.mendoza512@mail.com,2026-496-675,55.89
FAJARDO,RICHARD,WONG,GAS,richard.fajardo220@mail.com,2026-392-810,95.82
SORIANO,MICHAEL,DELOS SANTOS,ABM,michael.soriano874@gmail.com,2026-562-276,94.93
SANTIAGO,ANGEL,ABLAZA,HUMSS,angel.santiago684@outlook.com,2026-826-166,77.5
JIMENEZ,SUSAN,CONCEPCION,ABM,susan.jimenez729@yahoo.com,2026-912-470,75.44
MENDOZA,MICHAEL,ABLAZA,ABM,michael.mendoza243@hotmail.com,2026-126-469,77.7
AGUILAR,LISA,ABLAZA,TVL,lisa.aguilar133@mail.com,2026-188-167,65.46
CABRERA,PAULO,PANGANIBAN,TVL,paulo.cabrera421@hotmail.com,2026-943-688,53.69
NAVARRO,PRINCESS,CRUZ,GAS,princess.navarro478@mail.com,2026-452-231,93.9
FAJARDO,DOROTHY,UMALI,TVL,dorothy.fajardo187@yahoo.com,2026-543-614,95.54
CRUZ,MARY,QUIZON,ABM,mary.cruz312@yahoo.com,2026-265-430,96.74
GONZALES,MATTHEW,QUIZON,HUMSS,matthew.gonzales867@gmail.com,2026-356-301,81.75
SALAZAR,BARBARA,ESPIRITU,HUMSS,barbara.salazar630@mail.com,2026-195-614,82.05
LOZANO,SANDRA,ESPIRITU,ABM,sandra.lozano675@mail.com,2026-837-719,66.88
DOMINGO,JOSE,BUENAVENTURA,STEM,jose.domingo84@gmail.com,2026-756-889,78.84
MAGNO,LINDA,ZAMORA,TVL,linda.magno427@mail.com,2026-754-131,74.9
FERRER,BRIAN,JACINTO,HUMSS,brian.ferrer495@yahoo.com,2026-924-926,84.25
MORALES,LISA,CRUZ,STEM,lisa.morales162@hotmail.com,2026-525-595,73.22
PASCUAL,EDWARD,ESPIRITU,HUMSS,edward.pascual883@outlook.com,2026-851-981,67.27
MARTINEZ,JAMES,ZAMORA,HUMSS,james.martinez528@mail.com,2026-208-426,62.09
MENDOZA,BARBARA,OLIVARES,ABM,barbara.mendoza145@gmail.com,2026-151-397,97.27
ENRIQUEZ,CHRISTOPHER,HERNANDEZ,ABM,christopher.enriquez834@outlook.com,2026-691-838,65.64
ESPINOSA,ROBERT,PANGANIBAN,TVL,robert.espinosa479@hotmail.com,2026-415-609,51.16
MARTINEZ,KEVIN,OLIVARES,ABM,kevin.martinez221@mail.com,2026-461-149,52.53
SORIANO,EDWARD,DIMACULANGAN,GAS,edward.soriano293@mail.com,2026-108-967,55.37
TORRES,RICHARD,YABUT,HUMSS,richard.torres783@hotmail.com,2026-474-146,70.03
DOMINGO,DOROTHY,GUTIERREZ,HUMSS,dorothy.domingo567@outlook.com,2026-175-495,75.21
ESPINOSA,DOROTHY,IGNACIO,TVL,dorothy.espinosa697@mail.com,2026-221-231,98.75
MARTINEZ,SARAH,ABLAZA,HUMSS,sarah.martinez572@outlook.com,2026-873-247,59.95
TOLENTINO,KAREN,QUIZON,STEM,karen.tolentino47@gmail.com,2026-240-830,66.65
MANALO,BETTY,OLIVARES,ABM,betty.manalo621@mail.com,2026-243-435,96.57
NAVARRO,ROBERT,MAGBANUA,TVL,robert.navarro758@outlook.com,2026-707-444,75.37
TOLENTINO,BRIAN,PANGANIBAN,TVL,brian.tolentino307@hotmail.com,2026-935-117,68.42
ROSARIO,MARY,NATIVIDAD,TVL,mary.rosario316@gmail.com,2026-711-585,63.28
MAGNO,SOPHIA,SARMIENTO,TVL,sophia.magno234@gmail.com,2026-697-591,58.53
FERRER,PAULO,TANEDO,GAS,paulo.ferrer152@yahoo.com,2026-132-686,97.41
MENDOZA,MICHAEL,AQUINO,GAS,michael.mendoza322@hotmail.com,2026-255-522,84.53
HERNANDEZ,KEVIN,ZAMORA,TVL,kevin.hernandez943@hotmail.com,2026-993-968,86.79
CRUZ,TRISHA,ESPIRITU,TVL,trisha.cruz213@mail.com,2026-432-778,73.92
LOPEZ,DANIEL,FRANCISCO,GAS,daniel.lopez935@mail.com,2026-450-659,67.71
FAJARDO,PAULO,VELASCO,HUMSS,paulo.fajardo625@hotmail.com,2026-296-352,63.95
MORALES,DAVID,JACINTO,HUMSS,david.morales722@yahoo.com,2026-806-821,74.45
MANALO,MATTHEW,REGALADO,HUMSS,matthew.manalo295@gmail.com,2026-687-792,77.16
MARTINEZ,MATTHEW,ZAMORA,ABM,matthew.martinez298@gmail.com,2026-394-831,53.95
SANTIAGO,PRINCESS,IGNACIO,GAS,princess.santiago220@yahoo.com,2026-947-651,63.56
SALAZAR,KYLA,IGNACIO,ABM,kyla.salazar112@mail.com,2026-858-700,61.96
CRUZ,REIGN,DIMACULANGAN,TVL,reign.cruz232@yahoo.com,2026-153-202,70.67
CABRERA,ANDREW,DELOS SANTOS,ABM,andrew.cabrera6@mail.com,2026-261-516,82.64
MANALO,ANDREW,UMALI,ABM,andrew.manalo775@outlook.com,2026-428-392,82.29
FAJARDO,ANGEL,UMALI,TVL,angel.fajardo238@mail.com,2026-856-840,92.52
REYES,JENNIFER,NATIVIDAD,ABM,jennifer.reyes957@gmail.com,2026-956-506,89.4
CASTILLO,RAFAEL,CONCEPCION,HUMSS,rafael.castillo898@gmail.com,2026-109-405,78.4
GARCIA,JESSICA,JACINTO,GAS,jessica.garcia657@mail.com,2026-636-605,94.46
TORRES,KEVIN,OLIVARES,HUMSS,kevin.torres198@gmail.com,2026-438-266,86.56
MAGNO,RICHARD,WONG,ABM,richard.magno15@outlook.com,2026-909-402,78.39
ESPINOSA,MICHAEL,FRANCISCO,TVL,michael.espinosa877@hotmail.com,2026-946-537,75.76
OCAMPO,KAREN,VELASCO,STEM,karen.ocampo190@yahoo.com,2026-588-431,96.79
DELA CRUZ,RICHARD,MAGBANUA,ABM,richard.delacruz458@outlook.com,2026-437-409,79.12
DOMINGO,JUAN,IGNACIO,HUMSS,juan.domingo710@yahoo.com,2026-163-783,55.91
MORALES,ROBERT,MAGBANUA,TVL,robert.morales946@outlook.com,2026-806-220,81.94
JIMENEZ,SARAH,TANEDO,ABM,sarah.jimenez225@yahoo.com,2026-589-256,72.75
PADILLA,SARAH,NATIVIDAD,TVL,sarah.padilla935@hotmail.com,2026-875-650,90.1
FLORES,GABRIEL,HERNANDEZ,TVL,gabriel.flores895@gmail.com,2026-638-557,76.41
AGUILAR,MARK,EVANGELISTA,TVL,mark.aguilar115@gmail.com,2026-948-660,95.14
RIVERA,GEORGE,REGALADO,ABM,george.rivera169@outlook.com,2026-974-632,72.09
ROSARIO,LINDA,WONG,TVL,linda.rosario501@gmail.com,2026-622-556,90.43
DIZON,JAMES,QUIZON,GAS,james.dizon468@mail.com,2026-159-672,73.12
MORALES,PAULO,AQUINO,GAS,paulo.morales261@gmail.com,2026-863-323,78.92
REYES,NANCY,LACSON,STEM,nancy.reyes555@gmail.com,2026-170-583,51.59
HERNANDEZ,JENNIFER,ZAMORA,ABM,jennifer.hernandez785@hotmail.com,2026-483-491,72.43
LOPEZ,ANTHONY,CRUZ,TVL,anthony.lopez137@outlook.com,2026-221-282,99.64
MARTINEZ,BETTY,ESPIRITU,ABM,betty.martinez855@gmail.com,2026-874-123,98.92
DIZON,ALTHEA,YABUT,TVL,althea.dizon435@mail.com,2026-488-943,61.48
DIZON,MATTHEW,ESPIRITU,HUMSS,matthew.dizon194@gmail.com,2026-132-928,83.01
ENRIQUEZ,SOPHIA,EVANGELISTA,STEM,sophia.enriquez247@yahoo.com,2026-168-203,79.7
SANTIAGO,EDWARD,VELASCO,STEM,edward.santiago251@gmail.com,2026-511-549,61.72
FLORES,GABRIEL,CONCEPCION,STEM,gabriel.flores144@mail.com,2026-396-339,90.79
CORPUZ,GEORGE,KAPUNAN,TVL,george.corpuz613@outlook.com,2026-342-409,93.81
PANGILINAN,BETTY,HERNANDEZ,GAS,betty.pangilinan308@outlook.com,2026-162-670,97.43
DELOS REYES,JENNIFER,UMALI,GAS,jennifer.delosreyes570@hotmail.com,2026-148-452,97.08
PANGILINAN,ANTHONY,ABLAZA,TVL,anthony.pangilinan327@hotmail.com,2026-518-252,64.99
CASTILLO,GABRIEL,REGALADO,GAS,gabriel.castillo247@yahoo.com,2026-407-978,85.38
DIZON,ANA,REGALADO,GAS,ana.dizon992@hotmail.com,2026-670-642,56.7
RAMOS,RICHARD,GUTIERREZ,HUMSS,richard.ramos663@gmail.com,2026-560-967,68.55
MERCADO,PAULO,BUENAVENTURA,ABM,paulo.mercado53@outlook.com,2026-486-789,80.25
REYES,MARK,GUTIERREZ,TVL,mark.reyes742@mail.com,2026-322-590,60.44
PASCUAL,SUSAN,EVANGELISTA,STEM,susan.pascual217@yahoo.com,2026-859-220,87.34
ESPINOSA,ANDREW,EVANGELISTA,ABM,andrew.espinosa713@mail.com,2026-820-309,69.83
RAMOS,DOROTHY,KAPUNAN,HUMSS,dorothy.ramos390@hotmail.com,2026-646-764,67.96
AQUINO,SARAH,QUIZON,GAS,sarah.aquino478@gmail.com,2026-922-839,73.47
NAVARRO,LINDA,LACSON,HUMSS,linda.navarro424@gmail.com,2026-676-984,61.06
TOMAS,MARIA,IGNACIO,TVL,maria.tomas958@mail.com,2026-693-837,70.88
TOMAS,MICHAEL,KAPUNAN,ABM,michael.tomas389@mail.com,2026-953-351,74.97
MAGNO,ALTHEA,KAPUNAN,HUMSS,althea.magno782@hotmail.com,2026-840-757,86.98
DIZON,ROBERT,YABUT,HUMSS,robert.dizon174@yahoo.com,2026-837-659,74.42
MERCADO,PRINCESS,BAUTISTA,TVL,princess.mercado35@gmail.com,2026-937-784,52.43
DELA CRUZ,CHRISTOPHER,ESPIRITU,ABM,christopher.delacruz70@yahoo.com,2026-109-323,75.29
AGUILAR,ANA,TANEDO,TVL,ana.aguilar935@hotmail.com,2026-775-599,50.79
MERCADO,DOROTHY,NATIVIDAD,STEM,dorothy.mercado18@mail.com,2026-839-381,76.79
JIMENEZ,MARIA,QUIZON,GAS,maria.jimenez826@yahoo.com,2026-209-198,76.22
RAMOS,MICHAEL,TANEDO,TVL,michael.ramos259@outlook.com,2026-373-914,69.84
AGUILAR,KAREN,OLIVARES,TVL,karen.aguilar250@yahoo.com,2026-407-800,91.4
OCAMPO,PRINCESS,CONCEPCION,STEM,princess.ocampo96@hotmail.com,2026-488-486,77.64
CRUZ,CARLO,AQUINO,ABM,carlo.cruz85@hotmail.com,2026-965-544,82.25
PASCUAL,GEORGE,CONCEPCION,STEM,george.pascual917@mail.com,2026-143-335,60.57
VENTURA,GEORGE,PANGANIBAN,HUMSS,george.ventura48@gmail.com,2026-800-387,94.97
DOMINGO,REIGN,BAUTISTA,ABM,reign.domingo952@outlook.com,2026-116-312,79.35
ESPINOSA,TRISHA,BUENAVENTURA,GAS,trisha.espinosa952@gmail.com,2026-406-266,78.2
DOMINGO,ANTHONY,VELASCO,TVL,anthony.domingo340@hotmail.com,2026-873-857,57.0
VENTURA,PAULO,CRUZ,TVL,paulo.ventura764@outlook.com,2026-154-200,71.85
BAUTISTA,JESSICA,TANEDO,TVL,jessica.bautista978@mail.com,2026-506-892,66.32
FERRER,BARBARA,ABLAZA,GAS,barbara.ferrer503@yahoo.com,2026-464-666,97.06
PEREZ,JENNIFER,VELASCO,TVL,jennifer.perez677@hotmail.com,2026-187-890,80.93
RAMOS,TRISHA,CRUZ,STEM,trisha.ramos275@yahoo.com,2026-489-828,89.19
TOMAS,RAFAEL,MAGBANUA,HUMSS,rafael.tomas370@gmail.com,2026-193-105,97.15
SANTIAGO,SARAH,ZAMORA,HUMSS,sarah.santiago105@yahoo.com,2026-189-291,71.55
SALAZAR,DOROTHY,QUIZON,GAS,dorothy.salazar106@gmail.com,2026-191-462,77.71
PADILLA,EDWARD,ABLAZA,HUMSS,edward.padilla885@hotmail.com,2026-112-398,70.69
FAJARDO,ANGEL,YABUT,TVL,angel.fajardo927@yahoo.com,2026-685-633,58.48
LOPEZ,ROBERT,ESPIRITU,HUMSS,robert.lopez309@outlook.com,2026-604-249,53.16
PEREZ,BARBARA,NATIVIDAD,HUMSS,barbara.perez496@gmail.com,2026-469-357,97.21
CORPUZ,CARLO,PANGANIBAN,TVL,carlo.corpuz632@yahoo.com,2026-568-209,56.77
DELA CRUZ,KAREN,KAPUNAN,TVL,karen.delacruz390@outlook.com,2026-550-442,71.53
MAGNO,EDWARD,ESPIRITU,HUMSS,edward.magno329@mail.com,2026-811-305,73.95
CASTILLO,KAREN,KAPUNAN,HUMSS,karen.castillo753@hotmail.com,2026-689-900,62.12
LOPEZ,BARBARA,BUENAVENTURA,GAS,barbara.lopez374@gmail.com,2026-677-304,79.61
MERCADO,JENNIFER,VELASCO,TVL,jennifer.mercado28@hotmail.com,2026-825-314,71.92
JIMENEZ,KYLA,CRUZ,GAS,kyla.jimenez690@hotmail.com,2026-242-748,65.14
AQUINO,REIGN,ESPIRITU,GAS,reign.aquino809@hotmail.com,2026-175-559,99.54
MANALO,SANDRA,MAGBANUA,TVL,sandra.manalo519@hotmail.com,2026-656-137,89.54
AGUILAR,KYLA,DIMACULANGAN,TVL,kyla.aguilar609@gmail.com,2026-211-887,62.41
PANGILINAN,MATTHEW,FRANCISCO,TVL,matthew.pangilinan46@mail.com,2026-760-793,82.34
ESPINOSA,JESSICA,ABLAZA,GAS,jessica.espinosa109@gmail.com,2026-200-364,61.1
DELOS REYES,BETTY,REGALADO,TVL,betty.delosreyes705@mail.com,2026-326-556,68.71
DIZON,SOPHIA,VELASCO,TVL,sophia.dizon708@mail.com,2026-254-453,99.89
MANALO,JOHN,JACINTO,GAS,john.manalo943@gmail.com,2026-218-951,97.03
TOMAS,MATTHEW,JACINTO,HUMSS,matthew.tomas467@yahoo.com,2026-633-594,67.42
GARCIA,JOSHUA,YABUT,GAS,joshua.garcia327@gmail.com,2026-407-145,90.51
MENDOZA,MARIA,CONCEPCION,HUMSS,maria.mendoza664@gmail.com,2026-793-919,58.22
DELOS REYES,ELIZABETH,QUIZON,ABM,elizabeth.delosreyes566@yahoo.com,2026-438-673,71.32
DIZON,DAVID,ABLAZA,GAS,david.dizon645@yahoo.com,2026-290-755,82.87
MARTINEZ,MARIA,YABUT,TVL,maria.martinez905@yahoo.com,2026-560-706,71.48
DELA CRUZ,TRISHA,GUTIERREZ,ABM,trisha.delacruz286@gmail.com,2026-691-204,89.98
MERCADO,JENNIFER,LACSON,HUMSS,jennifer.mercado202@hotmail.com,2026-216-368,83.54
SORIANO,BETTY,UMALI,HUMSS,betty.soriano612@hotmail.com,2026-725-501,79.35
VILLANUEVA,MATTHEW,CONCEPCION,GAS,matthew.villanueva633@yahoo.com,2026-933-789,85.3
MORALES,ASHLEY,SARMIENTO,STEM,ashley.morales689@yahoo.com,2026-420-220,61.93
MENDOZA,JENNIFER,LACSON,ABM,jennifer.mendoza524@hotmail.com,2026-528-710,56.89
LOPEZ,NANCY,FRANCISCO,GAS,nancy.lopez651@mail.com,2026-810-760,96.53
CASTILLO,DOROTHY,FRANCISCO,GAS,dorothy.castillo296@yahoo.com,2026-291-422,92.1
ENRIQUEZ,ANA,CONCEPCION,HUMSS,ana.enriquez975@gmail.com,2026-596-239,59.76
LOPEZ,DOROTHY,QUIZON,GAS,dorothy.lopez419@hotmail.com,2026-525-827,91.99
SORIANO,ROBERT,CRUZ,TVL,robert.soriano32@yahoo.com,2026-399-133,63.74
MERCADO,CHARLES,FRANCISCO,GAS,charles.mercado580@hotmail.com,2026-662-623,55.66
MENDOZA,BARBARA,ZAMORA,TVL,barbara.mendoza844@outlook.com,2026-655-942,87.84
ESPINOSA,PAULO,OLIVARES,TVL,paulo.espinosa224@hotmail.com,2026-204-853,91.5
ESPINOSA,ELIZABETH,JACINTO,STEM,elizabeth.espinosa461@outlook.com,2026-456-982,90.84
SANTIAGO,MARY,ZAMORA,ABM,mary.santiago215@mail.com,2026-805-459,93.05
ENRIQUEZ,CARLO,NATIVIDAD,ABM,carlo.enriquez631@yahoo.com,2026-903-311,90.68
CRUZ,GEORGE,LACSON,TVL,george.cruz288@mail.com,2026-651-272,66.18
CABRERA,CHARLES,JACINTO,TVL,charles.cabrera274@mail.com,2026-795-934,54.76
ESPINOSA,CHRISTOPHER,EVANGELISTA,STEM,christopher.espinosa284@yahoo.com,2026-818-986,56.63
TOMAS,TRISHA,KAPUNAN,ABM,trisha.tomas780@hotmail.com,2026-601-245,78.87
CASTRO,CARLO,NATIVIDAD,GAS,carlo.castro463@gmail.com,2026-748-913,94.01
OCAMPO,KAREN,QUIZON,HUMSS,karen.ocampo712@outlook.com,2026-565-599,66.36
DELA CRUZ,SOPHIA,CONCEPCION,STEM,sophia.delacruz749@hotmail.com,2026-750-780,84.86
BAUTISTA,BRIAN,MAGBANUA,ABM,brian.bautista992@hotmail.com,2026-944-316,74.74
NAVARRO,CHARLES,KAPUNAN,TVL,charles.navarro592@yahoo.com,2026-679-972,74.27
PASCUAL,ALTHEA,ZAMORA,STEM,althea.pascual48@gmail.com,2026-741-902,91.84
SANTOS,MARY,EVANGELISTA,ABM,mary.santos452@hotmail.com,2026-100-538,60.12
VENTURA,JAMES,DIMACULANGAN,HUMSS,james.ventura163@outlook.com,2026-195-770,68.02
OCAMPO,SARAH,VELASCO,ABM,sarah.ocampo54@hotmail.com,2026-740-412,86.3
ESPINOSA,DAVID,NATIVIDAD,STEM,david.espinosa721@gmail.com,2026-101-318,73.84
TORRES,SANDRA,HERNANDEZ,TVL,sandra.torres697@hotmail.com,2026-109-108,84.78
MENDOZA,NANCY,WONG,ABM,nancy.mendoza490@gmail.com,2026-334-492,54.47
GARCIA,JOHN,KAPUNAN,HUMSS,john.garcia903@outlook.com,2026-240-491,88.67
ESPINOSA,JAMES,UMALI,ABM,james.espinosa71@mail.com,2026-676-108,80.52
ANDRADE,JOSHUA,LACSON,ABM,joshua.andrade644@yahoo.com,2026-521-730,84.33
FLORES,ANGEL,DIMACULANGAN,STEM,angel.flores144@gmail.com,2026-703-847,69.2
PEREZ,DANIEL,ABLAZA,ABM,daniel.perez254@outlook.com,2026-760-186,62.41
PADILLA,EDWARD,YABUT,TVL,edward.padilla292@gmail.com,2026-968-967,82.92
MORALES,LINDA,QUIZON,TVL,linda.morales522@yahoo.com,2026-865-501,64.78
CRUZ,ELIZABETH,PANGANIBAN,GAS,elizabeth.cruz116@yahoo.com,2026-611-753,79.7
VALDEZ,JUAN,LACSON,HUMSS,juan.valdez136@hotmail.com,2026-981-959,78.42
AGUILAR,BRIAN,VELASCO,ABM,brian.aguilar782@hotmail.com,2026-888-174,50.83
BAUTISTA,JUAN,IGNACIO,ABM,juan.bautista41@gmail.com,2026-908-507,75.33
FERRER,TRISHA,QUIZON,GAS,trisha.ferrer434@hotmail.com,2026-184-755,76.83
ENRIQUEZ,PATRICIA,IGNACIO,STEM,patricia.enriquez318@gmail.com,2026-623-308,98.72
TOMAS,BRIAN,KAPUNAN,GAS,brian.tomas601@gmail.com,2026-417-815,71.87
RAMOS,ANA,HERNANDEZ,STEM,ana.ramos947@hotmail.com,2026-218-564,80.61
CRUZ,SUSAN,VELASCO,ABM,susan.cruz123@gmail.com,2026-824-240,85.07
ANDRADE,MARGARET,LACSON,TVL,margaret.andrade530@outlook.com,2026-270-480,56.35
FAJARDO,BARBARA,YABUT,STEM,barbara.fajardo790@gmail.com,2026-443-926,71.47
VALDEZ,MARK,IGNACIO,TVL,mark.valdez643@gmail.com,2026-608-566,75.54
CRUZ,MARGARET,CONCEPCION,TVL,margaret.cruz171@outlook.com,2026-261-361,88.67
DOMINGO,ALTHEA,YABUT,STEM,althea.domingo234@mail.com,2026-102-145,92.93
DELA CRUZ,ELIZABETH,BAUTISTA,GAS,elizabeth.delacruz373@hotmail.com,2026-253-283,96.56
REYES,DOROTHY,ABLAZA,GAS,dorothy.reyes230@outlook.com,2026-354-526,95.79
NAVARRO,BARBARA,BUENAVENTURA,STEM,barbara.navarro586@outlook.com,2026-222-614,83.67
CRUZ,JENNIFER,HERNANDEZ,TVL,jennifer.cruz48@hotmail.com,2026-170-998,73.25
JIMENEZ,SOPHIA,CONCEPCION,HUMSS,sophia.jimenez336@gmail.com,2026-666-567,50.4
RIVERA,CHARLES,SARMIENTO,HUMSS,charles.rivera758@mail.com,2026-348-575,68.41
SORIANO,SOPHIA,ZAMORA,ABM,sophia.soriano751@mail.com,2026-878-915,62.26
DELA CRUZ,CHRISTOPHER,AQUINO,ABM,christopher.delacruz555@outlook.com,2026-751-959,84.67
DELA CRUZ,JESSICA,AQUINO,GAS,jessica.delacruz870@outlook.com,2026-206-310,76.49
RAMOS,CHRISTOPHER,PANGANIBAN,STEM,christopher.ramos996@yahoo.com,2026-828-386,54.65
GONZALES,BETTY,NATIVIDAD,HUMSS,betty.gonzales470@gmail.com,2026-694-197,75.27
FERRER,KAREN,CRUZ,TVL,karen.ferrer582@gmail.com,2026-545-778,98.21
RAMOS,CHARLES,IGNACIO,HUMSS,charles.ramos949@hotmail.com,2026-817-951,86.77
NAVARRO,JOSHUA,IGNACIO,ABM,joshua.navarro77@yahoo.com,2026-239-898,88.51
GARCIA,PATRICIA,DELOS SANTOS,ABM,patricia.garcia461@hotmail.com,2026-421-516,56.04
VILLANUEVA,SOPHIA,GUTIERREZ,GAS,sophia.villanueva316@hotmail.com,2026-371-972,56.0
ANDRADE,ALTHEA,JACINTO,TVL,althea.andrade42@yahoo.com,2026-955-977,66.39
OCAMPO,TRISHA,HERNANDEZ,HUMSS,trisha.ocampo406@mail.com,2026-150-793,64.94
CASTILLO,MARIA,MAGBANUA,GAS,maria.castillo570@mail.com,2026-355-196,73.1
TORRES,MARY,AQUINO,STEM,mary.torres851@yahoo.com,2026-233-302,91.18
AGUILAR,ALTHEA,UMALI,STEM,althea.aguilar597@mail.com,2026-365-932,53.75
BAUTISTA,MICHAEL,DIMACULANGAN,GAS,michael.bautista829@yahoo.com,2026-194-967,91.47
PASCUAL,MARY,BAUTISTA,GAS,mary.pascual52@yahoo.com,2026-687-543,91.08
MARTINEZ,MARGARET,AQUINO,GAS,margaret.martinez700@hotmail.com,2026-276-462,60.74
CASTILLO,BARBARA,IGNACIO,GAS,barbara.castillo905@yahoo.com,2026-135-728,80.96
RAMOS,PRINCESS,JACINTO,GAS,princess.ramos422@mail.com,2026-590-162,54.39
LOPEZ,JAMES,NATIVIDAD,ABM,james.lopez659@mail.com,2026-355-745,99.7
MERCADO,MARIA,MAGBANUA,HUMSS,maria.mercado492@mail.com,2026-900-596,67.2
DOMINGO,KEVIN,KAPUNAN,GAS,kevin.domingo277@yahoo.com,2026-126-426,79.86
SANTOS,SOPHIA,IGNACIO,STEM,sophia.santos829@hotmail.com,2026-642-466,88.34
GONZALES,ROBERT,DELOS SANTOS,ABM,robert.gonzales673@yahoo.com,2026-372-646,90.81
DELOS REYES,ANA,ZAMORA,ABM,ana.delosreyes590@hotmail.com,2026-463-959,99.58
CASTILLO,JENNIFER,HERNANDEZ,TVL,jennifer.castillo326@outlook.com,2026-705-128,85.17
VILLANUEVA,GEORGE,SARMIENTO,ABM,george.villanueva577@yahoo.com,2026-956-929,94.08
SORIANO,BRIAN,JACINTO,ABM,brian.soriano503@gmail.com,2026-192-157,61.63
GONZALES,MARIA,QUIZON,GAS,maria.gonzales1@outlook.com,2026-728-306,90.32
PASCUAL,TRISHA,FRANCISCO,HUMSS,trisha.pascual61@gmail.com,2026-251-700,85.23
TOMAS,SOPHIA,DELOS SANTOS,TVL,sophia.tomas882@outlook.com,2026-174-482,85.23
PANGILINAN,KAREN,SARMIENTO,STEM,karen.pangilinan345@outlook.com,2026-430-239,98.79
CORPUZ,NANCY,ABLAZA,GAS,nancy.corpuz665@outlook.com,2026-278-824,98.44
VENTURA,ASHLEY,ABLAZA,HUMSS,ashley.ventura229@mail.com,2026-934-279,68.92
CORPUZ,KYLA,JACINTO,ABM,kyla.corpuz182@gmail.com,2026-818-686,69.58
FAJARDO,GEORGE,BAUTISTA,ABM,george.fajardo617@outlook.com,2026-928-726,61.04
DOMINGO,JOHN,EVANGELISTA,GAS,john.domingo145@outlook.com,2026-863-179,61.9
NAVARRO,ROBERT,UMALI,STEM,robert.navarro842@outlook.com,2026-557-111,63.26
RAMOS,KYLA,CRUZ,HUMSS,kyla.ramos263@gmail.com,2026-837-101,52.41
SANTIAGO,PAULO,NATIVIDAD,ABM,paulo.santiago906@hotmail.com,2026-604-487,67.56
LOPEZ,JOHN,BUENAVENTURA,GAS,john.lopez808@mail.com,2026-766-876,84.36
ANDRADE,JOSHUA,CRUZ,STEM,joshua.andrade302@gmail.com,2026-426-367,97.58
BAUTISTA,JESSICA,FRANCISCO,GAS,jessica.bautista165@gmail.com,2026-660-195,66.9
ENRIQUEZ,ANDREW,WONG,STEM,andrew.enriquez442@yahoo.com,2026-721-544,57.86
GARCIA,JESSICA,GUTIERREZ,ABM,jessica.garcia420@mail.com,2026-839-847,77.01
PANGILINAN,CHARLES,JACINTO,ABM,charles.pangilinan99@gmail.com,2026-502-685,77.48
SORIANO,PATRICIA,BAUTISTA,HUMSS,patricia.soriano4@hotmail.com,2026-189-401,91.19
FERRER,EDWARD,PANGANIBAN,ABM,edward.ferrer100@gmail.com,2026-311-274,81.91
OCAMPO,ANDREW,CONCEPCION,STEM,andrew.ocampo316@hotmail.com,2026-582-600,94.74
AQUINO,ANGEL,UMALI,TVL,angel.aquino397@yahoo.com,2026-479-490,68.47
SANTIAGO,JOSE,IGNACIO,GAS,jose.santiago477@outlook.com,2026-331-957,63.43
CRUZ,PATRICIA,ZAMORA,STEM,patricia.cruz88@outlook.com,2026-927-654,70.7
ESPINOSA,SANDRA,HERNANDEZ,TVL,sandra.espinosa63@hotmail.com,2026-938-635,70.93
MERCADO,ALTHEA,CONCEPCION,GAS,althea.mercado587@yahoo.com,2026-587-406,53.95
CABRERA,JOSE,QUIZON,TVL,jose.cabrera923@mail.com,2026-919-685,83.88
ENRIQUEZ,PATRICIA,DELOS SANTOS,GAS,patricia.enriquez178@yahoo.com,2026-316-927,59.64
REYES,NANCY,CRUZ,GAS,nancy.reyes207@yahoo.com,2026-954-709,62.89
CORPUZ,MARK,CRUZ,GAS,mark.corpuz570@hotmail.com,2026-665-433,92.83
VALDEZ,LISA,EVANGELISTA,STEM,lisa.valdez806@mail.com,2026-701-635,89.08
MENDOZA,CHRISTOPHER,ESPIRITU,ABM,christopher.mendoza581@mail.com,2026-696-876,98.24
GARCIA,JOHN,SARMIENTO,STEM,john.garcia805@outlook.com,2026-988-648,94.01
HERNANDEZ,RICHARD,MAGBANUA,GAS,richard.hernandez586@mail.com,2026-584-138,58.61
MARTINEZ,PATRICIA,TANEDO,TVL,patricia.martinez698@hotmail.com,2026-139-505,94.48
PASCUAL,KYLA,HERNANDEZ,STEM,kyla.pascual764@hotmail.com,2026-375-481,51.01
MORALES,SUSAN,IGNACIO,GAS,susan.morales879@gmail.com,2026-989-333,56.72
DELOS REYES,JOSHUA,ZAMORA,HUMSS,joshua.delosreyes276@hotmail.com,2026-719-761,54.46
SANTIAGO,LINDA,EVANGELISTA,GAS,linda.santiago759@hotmail.com,2026-877-628,93.36
CRUZ,KEVIN,ABLAZA,ABM,kevin.cruz68@outlook.com,2026-826-618,70.17
FAJARDO,BETTY,DIMACULANGAN,TVL,betty.fajardo30@yahoo.com,2026-297-996,91.65
CRUZ,ELIZABETH,BAUTISTA,GAS,elizabeth.cruz52@outlook.com,2026-821-303,63.7
DIZON,KEVIN,MAGBANUA,STEM,kevin.dizon698@gmail.com,2026-347-481,74.44
SANTIAGO,JENNIFER,CONCEPCION,GAS,jennifer.santiago601@mail.com,2026-458-452,58.18
AQUINO,RAFAEL,BUENAVENTURA,STEM,rafael.aquino292@gmail.com,2026-495-150,58.15
DOMINGO,SOPHIA,GUTIERREZ,ABM,sophia.domingo663@yahoo.com,2026-793-311,63.45
HERNANDEZ,KEVIN,AQUINO,STEM,kevin.hernandez486@yahoo.com,2026-762-277,80.06
DELA CRUZ,DAVID,IGNACIO,TVL,david.delacruz825@outlook.com,2026-829-826,82.14
PEREZ,ANTHONY,CONCEPCION,HUMSS,anthony.perez471@outlook.com,2026-323-577,65.11
VALDEZ,ASHLEY,MAGBANUA,TVL,ashley.valdez105@gmail.com,2026-623-778,98.32
AGUILAR,DOROTHY,UMALI,TVL,dorothy.aguilar624@outlook.com,2026-405-800,55.41
BAUTISTA,JESSICA,IGNACIO,HUMSS,jessica.bautista883@outlook.com,2026-367-771,85.55
MAGNO,SUSAN,GUTIERREZ,ABM,susan.magno530@yahoo.com,2026-158-924,92.87
PADILLA,KAREN,VELASCO,HUMSS,karen.padilla698@yahoo.com,2026-838-126,82.77
JIMENEZ,RICHARD,EVANGELISTA,GAS,richard.jimenez415@hotmail.com,2026-854-136,79.15
DOMINGO,MICHAEL,KAPUNAN,ABM,michael.domingo703@mail.com,2026-753-903,73.79
PANGILINAN,MATTHEW,QUIZON,HUMSS,matthew.pangilinan866@yahoo.com,2026-960-773,93.82
CASTILLO,CHARLES,DELOS SANTOS,GAS,charles.castillo132@outlook.com,2026-842-927,77.95
CASTILLO,ALTHEA,DIMACULANGAN,HUMSS,althea.castillo671@gmail.com,2026-327-463,61.17
MORALES,CHRISTOPHER,ABLAZA,HUMSS,christopher.morales381@outlook.com,2026-699-401,73.19
MENDOZA,ANDREW,BAUTISTA,TVL,andrew.mendoza595@mail.com,2026-172-583,94.47
TOLENTINO,MARY,CONCEPCION,GAS,mary.tolentino543@outlook.com,2026-523-155,93.54
TOMAS,JAMES,GUTIERREZ,HUMSS,james.tomas420@mail.com,2026-568-246,65.82
CABRERA,JENNIFER,ZAMORA,STEM,jennifer.cabrera500@outlook.com,2026-746-281,65.67
CRUZ,JUAN,OLIVARES,HUMSS,juan.cruz215@yahoo.com,2026-690-882,57.92
ESPINOSA,SOPHIA,CRUZ,ABM,sophia.espinosa630@hotmail.com,2026-748-539,70.17
MANALO,ANTHONY,AQUINO,STEM,anthony.manalo547@yahoo.com,2026-848-482,97.5
NAVARRO,GABRIEL,BUENAVENTURA,TVL,gabriel.navarro196@gmail.com,2026-792-104,81.33
RAMOS,DAVID,WONG,HUMSS,david.ramos320@yahoo.com,2026-205-492,75.17
MORALES,ROBERT,CRUZ,STEM,robert.morales306@outlook.com,2026-566-845,76.01
VALDEZ,JESSICA,NATIVIDAD,ABM,jessica.valdez351@hotmail.com,2026-467-868,59.42
MARTINEZ,MARIA,HERNANDEZ,ABM,maria.martinez745@yahoo.com,2026-316-851,51.1
TOLENTINO,ROBERT,DELOS SANTOS,HUMSS,robert.tolentino729@gmail.com,2026-484-997,82.02
FAJARDO,BRIAN,TANEDO,STEM,brian.fajardo609@gmail.com,2026-777-210,82.68
SANTOS,ANA,WONG,STEM,ana.santos427@hotmail.com,2026-489-226,77.36
MANALO,KYLA,ESPIRITU,ABM,kyla.manalo712@gmail.com,2026-408-530,83.08
PANGILINAN,BETTY,IGNACIO,TVL,betty.pangilinan621@yahoo.com,2026-528-950,94.93
TOLENTINO,PAULO,TANEDO,STEM,paulo.tolentino290@gmail.com,2026-903-208,74.89
PADILLA,MICHAEL,ZAMORA,HUMSS,michael.padilla852@mail.com,2026-306-466,85.17
JIMENEZ,ROBERT,BAUTISTA,TVL,robert.jimenez509@yahoo.com,2026-804-592,66.53
DELA CRUZ,JUAN,VELASCO,STEM,juan.delacruz929@gmail.com,2026-955-687,83.45
TOMAS,ANGEL,ZAMORA,TVL,angel.tomas77@gmail.com,2026-362-759,61.56
JIMENEZ,RICHARD,OLIVARES,STEM,richard.jimenez103@yahoo.com,2026-995-140,92.61
AGUILAR,ALTHEA,KAPUNAN,GAS,althea.aguilar757@gmail.com,2026-197-971,87.91
REYES,JUAN,CONCEPCION,ABM,juan.reyes680@yahoo.com,2026-436-466,94.73
ENRIQUEZ,BARBARA,DIMACULANGAN,STEM,barbara.enriquez382@outlook.com,2026-287-216,70.04
DIZON,BARBARA,BUENAVENTURA,GAS,barbara.dizon707@hotmail.com,2026-919-531,82.44
ANDRADE,MARY,ESPIRITU,STEM,mary.andrade966@yahoo.com,2026-206-526,95.56
MANALO,GEORGE,VELASCO,GAS,george.manalo186@mail.com,2026-488-897,67.93
SANTOS,ALTHEA,DIMACULANGAN,ABM,althea.santos495@hotmail.com,2026-215-521,72.03
BAUTISTA,RICHARD,UMALI,HUMSS,richard.bautista13@mail.com,2026-885-861,78.83
DOMINGO,DAVID,VELASCO,HUMSS,david.domingo532@mail.com,2026-804-817,80.91
PEREZ,REIGN,YABUT,ABM,reign.perez494@outlook.com,2026-779-792,82.07
TOMAS,DOROTHY,DIMACULANGAN,TVL,dorothy.tomas56@gmail.com,2026-758-260,75.28
MANALO,MARGARET,CONCEPCION,ABM,margaret.manalo77@hotmail.com,2026-428-346,66.54
CASTRO,ANA,QUIZON,ABM,ana.castro564@hotmail.com,2026-512-936,61.75
DIZON,JOSHUA,ABLAZA,TVL,joshua.dizon459@gmail.com,2026-977-610,72.35
MENDOZA,MARGARET,YABUT,STEM,margaret.mendoza106@hotmail.com,2026-522-136,77.86
DELA CRUZ,ANGEL,ABLAZA,TVL,angel.delacruz987@mail.com,2026-752-411,94.51
SALAZAR,LINDA,UMALI,GAS,linda.salazar974@outlook.com,2026-472-945,52.71
GONZALES,LISA,KAPUNAN,TVL,lisa.gonzales786@mail.com,2026-714-584,85.83
AGUILAR,TRISHA,OLIVARES,STEM,trisha.aguilar100@yahoo.com,2026-102-449,67.76
FERRER,CHARLES,REGALADO,TVL,charles.ferrer383@gmail.com,2026-146-268,74.62
CABRERA,RAFAEL,YABUT,GAS,rafael.cabrera110@outlook.com,2026-725-300,59.38
MARTINEZ,LINDA,OLIVARES,ABM,linda.martinez734@outlook.com,2026-210-875,70.72
FERRER,ALTHEA,SARMIENTO,STEM,althea.ferrer791@hotmail.com,2026-568-774,79.47
TOLENTINO,JAMES,PANGANIBAN,STEM,james.tolentino544@gmail.com,2026-666-543,91.94
MANALO,KEVIN,ZAMORA,ABM,kevin.manalo709@mail.com,2026-277-848,90.76
GARCIA,ANTHONY,VELASCO,TVL,anthony.garcia621@outlook.com,2026-616-493,70.93
PADILLA,KYLA,ZAMORA,ABM,kyla.padilla281@hotmail.com,2026-451-401,72.64
TORRES,JAMES,NATIVIDAD,TVL,james.torres717@mail.com,2026-406-963,85.07
NAVARRO,TRISHA,YABUT,TVL,trisha.navarro648@yahoo.com,2026-305-314,81.21
JIMENEZ,ALTHEA,LACSON,ABM,althea.jimenez728@yahoo.com,2026-615-655,84.72
NAVARRO,TRISHA,DELOS SANTOS,HUMSS,trisha.navarro576@hotmail.com,2026-696-684,97.13
CABRERA,CHRISTOPHER,VELASCO,TVL,christopher.cabrera293@hotmail.com,2026-927-113,76.14
SANTOS,ANTHONY,ESPIRITU,STEM,anthony.santos687@gmail.com,2026-304-373,87.51
ANDRADE,CHARLES,VELASCO,HUMSS,charles.andrade150@gmail.com,2026-807-903,64.76
ESPINOSA,BRIAN,BAUTISTA,HUMSS,brian.espinosa834@hotmail.com,2026-204-730,93.4
DELOS REYES,DOROTHY,CONCEPCION,ABM,dorothy.delosreyes761@mail.com,2026-498-343,75.55
VENTURA,CHARLES,WONG,STEM,charles.ventura949@hotmail.com,2026-496-526,97.84
ROSARIO,DANIEL,REGALADO,STEM,daniel.rosario14@outlook.com,2026-307-735,93.44
SANTIAGO,DAVID,EVANGELISTA,HUMSS,david.santiago774@mail.com,2026-659-856,80.17
FAJARDO,PAULO,GUTIERREZ,HUMSS,paulo.fajardo460@yahoo.com,2026-799-176,59.35
CASTILLO,RAFAEL,QUIZON,STEM,rafael.castillo387@gmail.com,2026-538-385,77.83
TORRES,ROBERT,SARMIENTO,HUMSS,robert.torres6@outlook.com,2026-577-826,96.87
REYES,PATRICIA,EVANGELISTA,HUMSS,patricia.reyes612@gmail.com,2026-892-740,80.78
PANGILINAN,SUSAN,PANGANIBAN,TVL,susan.pangilinan564@outlook.com,2026-174-902,85.38
VALDEZ,DAVID,FRANCISCO,TVL,david.valdez70@mail.com,2026-263-525,77.15
MARTINEZ,ANGEL,LACSON,ABM,angel.martinez905@yahoo.com,2026-779-439,66.55
JIMENEZ,LINDA,ZAMORA,TVL,linda.jimenez544@hotmail.com,2026-674-943,87.61
MAGNO,JUAN,DELOS SANTOS,HUMSS,juan.magno457@yahoo.com,2026-757-728,95.93
RAMOS,JOSE,VELASCO,HUMSS,jose.ramos391@gmail.com,2026-495-362,77.01
JIMENEZ,MARIA,EVANGELISTA,TVL,maria.jimenez842@outlook.com,2026-626-922,75.44
SORIANO,JOSE,JACINTO,ABM,jose.soriano329@mail.com,2026-184-198,58.37
FAJARDO,BRIAN,REGALADO,STEM,brian.fajardo642@gmail.com,2026-315-786,81.48
FLORES,ALTHEA,NATIVIDAD,STEM,althea.flores211@mail.com,2026-948-819,93.93
DELOS REYES,SOPHIA,NATIVIDAD,STEM,sophia.delosreyes765@yahoo.com,2026-124-570,85.84
REYES,ANGEL,CRUZ,STEM,angel.reyes183@outlook.com,2026-671-172,78.75
GONZALES,RICHARD,NATIVIDAD,GAS,richard.gonzales462@hotmail.com,2026-543-423,50.84
ROSARIO,MARY,REGALADO,STEM,mary.rosario657@mail.com,2026-164-874,87.3
REYES,KYLA,CONCEPCION,STEM,kyla.reyes367@mail.com,2026-208-396,89.34
MORALES,EDWARD,CRUZ,HUMSS,edward.morales784@hotmail.com,2026-490-504,91.11
SANTOS,ANDREW,FRANCISCO,TVL,andrew.santos226@yahoo.com,2026-864-500,89.84
MERCADO,CHARLES,UMALI,ABM,charles.mercado306@outlook.com,2026-111-666,93.74
TOMAS,MARY,BAUTISTA,STEM,mary.tomas587@mail.com,2026-503-650,77.38
OCAMPO,SUSAN,GUTIERREZ,HUMSS,susan.ocampo217@hotmail.com,2026-761-971,75.63
ANDRADE,JENNIFER,HERNANDEZ,TVL,jennifer.andrade855@outlook.com,2026-298-217,59.07
DOMINGO,ANA,CONCEPCION,TVL,ana.domingo473@mail.com,2026-174-397,83.58
AQUINO,JOHN,GUTIERREZ,TVL,john.aquino499@outlook.com,2026-465-231,83.56
RAMOS,JOHN,JACINTO,TVL,john.ramos72@yahoo.com,2026-425-597,72.53
ENRIQUEZ,REIGN,JACINTO,TVL,reign.enriquez157@mail.com,2026-680-473,90.38
PEREZ,ROBERT,AQUINO,HUMSS,robert.perez253@yahoo.com,2026-829-857,82.04
CASTRO,SARAH,ESPIRITU,HUMSS,sarah.castro899@hotmail.com,2026-573-556,67.94
MORALES,MARGARET,REGALADO,STEM,margaret.morales180@mail.com,2026-183-961,64.03
TORRES,BRIAN,GUTIERREZ,HUMSS,brian.torres752@gmail.com,2026-844-177,94.61
TOLENTINO,CARLO,AQUINO,TVL,carlo.tolentino593@hotmail.com,2026-887-704,60.64
REYES,DOROTHY,IGNACIO,TVL,dorothy.reyes916@mail.com,2026-583-769,88.76
AGUILAR,KAREN,HERNANDEZ,TVL,karen.aguilar751@outlook.com,2026-237-575,75.06
OCAMPO,KAREN,LACSON,TVL,karen.ocampo11@yahoo.com,2026-968-925,99.09
ROSARIO,ROBERT,ZAMORA,TVL,robert.rosario144@hotmail.com,2026-263-283,78.32
DOMINGO,REIGN,CONCEPCION,ABM,reign.domingo754@hotmail.com,2026-467-141,60.94
SORIANO,DAVID,CRUZ,HUMSS,david.soriano379@yahoo.com,2026-143-784,60.34
AGUILAR,ANTHONY,PANGANIBAN,GAS,anthony.aguilar903@gmail.com,2026-140-764,66.2
CABRERA,BETTY,UMALI,HUMSS,betty.cabrera855@outlook.com,2026-692-657,78.51
LOPEZ,PRINCESS,MAGBANUA,HUMSS,princess.lopez602@gmail.com,2026-629-357,68.82
GONZALES,BETTY,MAGBANUA,HUMSS,betty.gonzales837@outlook.com,2026-598-911,74.11
PADILLA,JUAN,QUIZON,ABM,juan.padilla451@yahoo.com,2026-335-178,75.73
CASTRO,LINDA,ESPIRITU,ABM,linda.castro162@outlook.com,2026-716-834,90.85
PANGILINAN,DAVID,NATIVIDAD,HUMSS,david.pangilinan738@gmail.com,2026-593-791,73.94
FLORES,SANDRA,FRANCISCO,GAS,sandra.flores23@yahoo.com,2026-144-230,78.67
ANDRADE,JAMES,UMALI,TVL,james.andrade41@mail.com,2026-250-157,58.32
CASTILLO,BETTY,MAGBANUA,TVL,betty.castillo993@mail.com,2026-752-119,93.93
CORPUZ,REIGN,BUENAVENTURA,HUMSS,reign.corpuz970@gmail.com,2026-321-559,80.33
MANALO,ANDREW,FRANCISCO,ABM,andrew.manalo851@hotmail.com,2026-715-246,89.73
FAJARDO,JENNIFER,TANEDO,TVL,jennifer.fajardo271@yahoo.com,2026-841-802,67.13
DIZON,EDWARD,SARMIENTO,STEM,edward.dizon236@hotmail.com,2026-494-235,55.43
RIVERA,BETTY,CONCEPCION,TVL,betty.rivera701@hotmail.com,2026-946-253,80.28
CASTILLO,ANDREW,DIMACULANGAN,TVL,andrew.castillo615@gmail.com,2026-998-902,76.57
ESPINOSA,MARY,CRUZ,GAS,mary.espinosa676@yahoo.com,2026-717-652,91.38
FAJARDO,ALTHEA,UMALI,GAS,althea.fajardo535@hotmail.com,2026-479-995,52.17
VALDEZ,NANCY,HERNANDEZ,GAS,nancy.valdez809@hotmail.com,2026-458-703,90.23
ESPINOSA,KYLA,SARMIENTO,STEM,kyla.espinosa436@yahoo.com,2026-360-588,88.29
OCAMPO,CHARLES,TANEDO,TVL,charles.ocampo419@outlook.com,2026-293-105,85.46
DELA CRUZ,GEORGE,QUIZON,STEM,george.delacruz533@gmail.com,2026-484-770,60.27
NAVARRO,CHRISTOPHER,LACSON,STEM,christopher.navarro159@hotmail.com,2026-767-699,62.68
MERCADO,NANCY,SARMIENTO,HUMSS,nancy.mercado627@outlook.com,2026-796-506,87.75
HERNANDEZ,DOROTHY,ABLAZA,TVL,dorothy.hernandez495@yahoo.com,2026-479-672,77.75
AQUINO,SUSAN,SARMIENTO,HUMSS,susan.aquino793@hotmail.com,2026-853-241,92.75
PANGILINAN,MARY,YABUT,ABM,mary.pangilinan458@yahoo.com,2026-202-319,75.42
PASCUAL,DOROTHY,TANEDO,STEM,dorothy.pascual165@hotmail.com,2026-751-105,90.22
TOMAS,ANDREW,EVANGELISTA,TVL,andrew.tomas446@gmail.com,2026-165-369,61.09
OCAMPO,EDWARD,BAUTISTA,GAS,edward.ocampo954@hotmail.com,2026-728-771,76.05
CABRERA,EDWARD,BAUTISTA,ABM,edward.cabrera656@hotmail.com,2026-549-110,60.09
PANGILINAN,BETTY,JACINTO,ABM,betty.pangilinan35@mail.com,2026-622-628,84.92
ENRIQUEZ,ROBERT,VELASCO,STEM,robert.enriquez369@yahoo.com,2026-770-100,98.78
OCAMPO,BARBARA,ZAMORA,GAS,barbara.ocampo362@hotmail.com,2026-515-700,60.02
DELA CRUZ,RAFAEL,WONG,STEM,rafael.delacruz942@gmail.com,2026-662-391,86.31
SALAZAR,SANDRA,LACSON,HUMSS,sandra.salazar987@outlook.com,2026-331-720,98.15
DIZON,KAREN,SARMIENTO,STEM,karen.dizon268@yahoo.com,2026-516-618,55.32
BAUTISTA,KEVIN,JACINTO,HUMSS,kevin.bautista970@gmail.com,2026-922-625,97.84
MERCADO,GEORGE,IGNACIO,GAS,george.mercado990@hotmail.com,2026-676-595,88.5
ESPINOSA,JESSICA,ZAMORA,GAS,jessica.espinosa698@hotmail.com,2026-700-982,51.37
MENDOZA,RICHARD,CRUZ,GAS,richard.mendoza649@yahoo.com,2026-793-818,61.5
NAVARRO,CHRISTOPHER,LACSON,TVL,christopher.navarro549@gmail.com,2026-817-952,63.17
JIMENEZ,ANGEL,MAGBANUA,HUMSS,angel.jimenez78@mail.com,2026-282-587,65.69
FLORES,GEORGE,IGNACIO,ABM,george.flores970@yahoo.com,2026-610-854,59.98
DELOS REYES,ELIZABETH,CONCEPCION,HUMSS,elizabeth.delosreyes212@yahoo.com,2026-307-954,62.48
ENRIQUEZ,MATTHEW,ESPIRITU,STEM,matthew.enriquez123@gmail.com,2026-792-779,74.63
DELA CRUZ,GABRIEL,CONCEPCION,TVL,gabriel.delacruz981@gmail.com,2026-968-593,68.56
NAVARRO,MARGARET,DIMACULANGAN,TVL,margaret.navarro890@outlook.com,2026-602-287,99.22
TOLENTINO,BARBARA,MAGBANUA,ABM,barbara.tolentino769@mail.com,2026-231-155,76.29
PEREZ,ANDREW,REGALADO,STEM,andrew.perez515@outlook.com,2026-503-981,84.32
CASTILLO,LISA,DELOS SANTOS,TVL,lisa.castillo472@outlook.com,2026-805-108,50.59
FLORES,ANTHONY,SARMIENTO,STEM,anthony.flores334@outlook.com,2026-727-982,62.99
SALAZAR,RICHARD,HERNANDEZ,HUMSS,richard.salazar483@mail.com,2026-451-474,59.2
PEREZ,LINDA,NATIVIDAD,HUMSS,linda.perez374@hotmail.com,2026-386-561,58.99
TORRES,GEORGE,VELASCO,ABM,george.torres834@gmail.com,2026-838-376,90.2
SALAZAR,NANCY,CONCEPCION,GAS,nancy.salazar201@yahoo.com,2026-919-856,57.48
DELA CRUZ,JENNIFER,NATIVIDAD,GAS,jennifer.delacruz138@mail.com,2026-646-837,65.79
SORIANO,SUSAN,IGNACIO,TVL,susan.soriano880@mail.com,2026-148-507,54.95
ANDRADE,ANA,GUTIERREZ,HUMSS,ana.andrade488@gmail.com,2026-560-862,66.73
AGUILAR,SARAH,REGALADO,TVL,sarah.aguilar955@outlook.com,2026-452-120,70.59
VILLANUEVA,ALTHEA,TANEDO,ABM,althea.villanueva591@mail.com,2026-765-764,76.92
FAJARDO,CHARLES,LACSON,HUMSS,charles.fajardo690@mail.com,2026-599-893,86.83
OCAMPO,ANTHONY,TANEDO,HUMSS,anthony.ocampo475@yahoo.com,2026-989-271,82.03
PASCUAL,CHRISTOPHER,UMALI,TVL,christopher.pascual586@hotmail.com,2026-969-173,53.96
PASCUAL,DAVID,KAPUNAN,HUMSS,david.pascual669@outlook.com,2026-827-373,80.27
MARTINEZ,BARBARA,DIMACULANGAN,GAS,barbara.martinez800@outlook.com,2026-865-701,76.05
SANTIAGO,CHRISTOPHER,FRANCISCO,ABM,christopher.santiago875@gmail.com,2026-228-845,61.73
AQUINO,RAFAEL,WONG,STEM,rafael.aquino216@yahoo.com,2026-506-205,54.78
MANALO,DOROTHY,BAUTISTA,STEM,dorothy.manalo790@hotmail.com,2026-636-883,99.8
GARCIA,RICHARD,TANEDO,ABM,richard.garcia87@hotmail.com,2026-416-334,62.37
JIMENEZ,JOSHUA,UMALI,ABM,joshua.jimenez135@mail.com,2026-958-274,51.43
PANGILINAN,MATTHEW,CONCEPCION,HUMSS,matthew.pangilinan885@hotmail.com,2026-578-991,77.03
CASTRO,DOROTHY,OLIVARES,ABM,dorothy.castro993@mail.com,2026-281-705,79.88
FERRER,RAFAEL,UMALI,TVL,rafael.ferrer446@mail.com,2026-755-754,76.69
VILLANUEVA,ANDREW,REGALADO,ABM,andrew.villanueva825@gmail.com,2026-552-415,68.29
AQUINO,PATRICIA,JACINTO,STEM,patricia.aquino1@mail.com,2026-934-876,92.4
VILLANUEVA,CHARLES,PANGANIBAN,TVL,charles.villanueva9@hotmail.com,2026-873-588,64.98
FAJARDO,NANCY,ABLAZA,HUMSS,nancy.fajardo612@yahoo.com,2026-915-107,77.41
RIVERA,CHRISTOPHER,DIMACULANGAN,TVL,christopher.rivera448@hotmail.com,2026-355-267,85.75
MAGNO,ANTHONY,BUENAVENTURA,GAS,anthony.magno226@outlook.com,2026-181-532,81.27
VALDEZ,GABRIEL,ABLAZA,TVL,gabriel.valdez827@outlook.com,2026-391-764,87.15
CASTRO,CHRISTOPHER,GUTIERREZ,STEM,christopher.castro187@yahoo.com,2026-396-213,81.84
ENRIQUEZ,JOSHUA,IGNACIO,TVL,joshua.enriquez504@yahoo.com,2026-428-119,57.61
MERCADO,MARIA,FRANCISCO,STEM,maria.mercado289@outlook.com,2026-228-832,71.92
DELA CRUZ,DAVID,CRUZ,ABM,david.delacruz16@hotmail.com,2026-322-450,71.01
SORIANO,SARAH,OLIVARES,STEM,sarah.soriano339@gmail.com,2026-963-868,97.58
CRUZ,BARBARA,ZAMORA,GAS,barbara.cruz74@mail.com,2026-581-285,59.61
AQUINO,ANTHONY,BUENAVENTURA,STEM,anthony.aquino125@yahoo.com,2026-494-889,98.75
RAMOS,RAFAEL,BAUTISTA,ABM,rafael.ramos472@gmail.com,2026-633-781,99.11
MANALO,ANTHONY,VELASCO,HUMSS,anthony.manalo959@outlook.com,2026-262-744,86.41
DELOS REYES,DOROTHY,QUIZON,STEM,dorothy.delosreyes260@hotmail.com,2026-753-405,59.94
CRUZ,REIGN,GUTIERREZ,STEM,reign.cruz242@hotmail.com,2026-432-115,58.37
CASTRO,SANDRA,DELOS SANTOS,GAS,sandra.castro809@yahoo.com,2026-109-143,79.05
VENTURA,ANDREW,WONG,TVL,andrew.ventura159@outlook.com,2026-889-191,62.44
SORIANO,ANGEL,VELASCO,TVL,angel.soriano347@gmail.com,2026-161-464,82.23
VENTURA,BRIAN,ABLAZA,STEM,brian.ventura129@hotmail.com,2026-338-424,99.08
MAGNO,GABRIEL,LACSON,GAS,gabriel.magno751@yahoo.com,2026-121-805,68.89
CORPUZ,JAMES,IGNACIO,STEM,james.corpuz497@hotmail.com,2026-672-401,77.14
SORIANO,MICHAEL,SARMIENTO,ABM,michael.soriano557@outlook.com,2026-431-849,73.42
PADILLA,DOROTHY,FRANCISCO,STEM,dorothy.padilla544@yahoo.com,2026-560-402,90.97
MERCADO,SARAH,OLIVARES,STEM,sarah.mercado795@mail.com,2026-488-851,59.28
SANTOS,ASHLEY,CONCEPCION,HUMSS,ashley.santos795@mail.com,2026-344-428,86.05
PANGILINAN,BRIAN,BUENAVENTURA,GAS,brian.pangilinan195@mail.com,2026-799-609,88.29
TOMAS,ASHLEY,JACINTO,HUMSS,ashley.tomas420@outlook.com,2026-213-198,76.16
BAUTISTA,JOSE,BUENAVENTURA,ABM,jose.bautista183@gmail.com,2026-306-209,74.27
GARCIA,JOSE,SARMIENTO,GAS,jose.garcia674@hotmail.com,2026-638-738,85.07
AQUINO,ANA,LACSON,ABM,ana.aquino621@gmail.com,2026-113-313,82.79
OCAMPO,LISA,ABLAZA,STEM,lisa.ocampo370@mail.com,2026-861-525,91.1
CABRERA,ANA,BUENAVENTURA,TVL,ana.cabrera273@mail.com,2026-141-851,53.52
MORALES,MARK,GUTIERREZ,TVL,mark.morales100@gmail.com,2026-842-336,76.58
RIVERA,MICHAEL,QUIZON,ABM,michael.rivera584@yahoo.com,2026-671-867,77.91
DELOS REYES,JOHN,ZAMORA,TVL,john.delosreyes367@hotmail.com,2026-819-781,71.35
GARCIA,ROBERT,ABLAZA,ABM,robert.garcia564@hotmail.com,2026-616-445,82.88
MERCADO,EDWARD,OLIVARES,HUMSS,edward.mercado925@outlook.com,2026-663-432,92.24
HERNANDEZ,GABRIEL,UMALI,GAS,gabriel.hernandez846@outlook.com,2026-723-346,78.16
FLORES,ANTHONY,ZAMORA,TVL,anthony.flores949@outlook.com,2026-468-563,72.37
MARTINEZ,JUAN,YABUT,STEM,juan.martinez292@mail.com,2026-116-630,56.75
MORALES,JUAN,JACINTO,ABM,juan.morales220@outlook.com,2026-122-890,91.1
VENTURA,BARBARA,EVANGELISTA,TVL,barbara.ventura524@mail.com,2026-684-685,57.74
REYES,LISA,LACSON,ABM,lisa.reyes142@outlook.com,2026-475-696,62.49
AQUINO,SUSAN,CRUZ,TVL,susan.aquino410@mail.com,2026-322-851,53.86
NAVARRO,ANDREW,FRANCISCO,GAS,andrew.navarro846@mail.com,2026-939-197,79.76
MORALES,JOSE,YABUT,TVL,jose.morales391@gmail.com,2026-898-157,96.09
PASCUAL,MATTHEW,DIMACULANGAN,GAS,matthew.pascual427@gmail.com,2026-990-888,61.34
MAGNO,EDWARD,EVANGELISTA,STEM,edward.magno650@hotmail.com,2026-155-412,76.22
NAVARRO,BRIAN,SARMIENTO,ABM,brian.navarro335@mail.com,2026-814-326,57.66
ROSARIO,PAULO,MAGBANUA,GAS,paulo.rosario771@mail.com,2026-689-616,54.5
PEREZ,CHARLES,ABLAZA,GAS,charles.perez152@yahoo.com,2026-444-184,73.79
DELOS REYES,ANA,REGALADO,GAS,ana.delosreyes269@gmail.com,2026-508-613,71.72
VENTURA,JAMES,ZAMORA,ABM,james.ventura493@mail.com,2026-302-599,69.77
DOMINGO,MICHAEL,REGALADO,TVL,michael.domingo754@mail.com,2026-352-348,53.58
FAJARDO,NANCY,KAPUNAN,TVL,nancy.fajardo92@gmail.com,2026-787-523,71.18
VILLANUEVA,MICHAEL,KAPUNAN,HUMSS,michael.villanueva609@gmail.com,2026-888-412,58.46
VILLANUEVA,ASHLEY,BUENAVENTURA,GAS,ashley.villanueva639@yahoo.com,2026-551-145,96.21
GONZALES,MICHAEL,VELASCO,HUMSS,michael.gonzales160@gmail.com,2026-215-857,52.73
ENRIQUEZ,PATRICIA,CONCEPCION,HUMSS,patricia.enriquez15@outlook.com,2026-810-923,55.56
SANTIAGO,ANDREW,AQUINO,HUMSS,andrew.santiago215@mail.com,2026-316-308,77.32
ESPINOSA,RICHARD,REGALADO,GAS,richard.espinosa638@yahoo.com,2026-811-815,83.41
LOPEZ,SANDRA,DIMACULANGAN,TVL,sandra.lopez45@outlook.com,2026-274-161,64.2
VENTURA,ASHLEY,IGNACIO,STEM,ashley.ventura477@gmail.com,2026-168-497,83.02
PANGILINAN,REIGN,LACSON,STEM,reign.pangilinan20@outlook.com,2026-988-764,69.33
LOPEZ,KEVIN,WONG,STEM,kevin.lopez926@outlook.com,2026-596-987,79.86
OCAMPO,JENNIFER,GUTIERREZ,TVL,jennifer.ocampo990@hotmail.com,2026-674-829,51.07
RAMOS,BETTY,JACINTO,HUMSS,betty.ramos502@hotmail.com,2026-862-260,50.92
ROSARIO,MATTHEW,LACSON,HUMSS,matthew.rosario242@mail.com,2026-382-931,53.1
AQUINO,ANTHONY,DIMACULANGAN,STEM,anthony.aquino967@mail.com,2026-386-330,57.59
MARTINEZ,REIGN,ESPIRITU,STEM,reign.martinez748@hotmail.com,2026-633-794,80.62
FERRER,ALTHEA,HERNANDEZ,GAS,althea.ferrer247@mail.com,2026-256-536,98.53
PADILLA,JESSICA,OLIVARES,TVL,jessica.padilla135@yahoo.com,2026-768-241,79.05
ROSARIO,MICHAEL,CONCEPCION,ABM,michael.rosario317@mail.com,2026-238-540,99.78
FAJARDO,PATRICIA,UMALI,TVL,patricia.fajardo940@yahoo.com,2026-425-169,77.87
CORPUZ,MARY,FRANCISCO,HUMSS,mary.corpuz860@yahoo.com,2026-844-130,88.27
HERNANDEZ,CHRISTOPHER,JACINTO,GAS,christopher.hernandez764@outlook.com,2026-255-897,59.4
TORRES,JENNIFER,AQUINO,TVL,jennifer.torres632@outlook.com,2026-720-680,80.62
PADILLA,DAVID,HERNANDEZ,STEM,david.padilla368@gmail.com,2026-804-898,73.83
TOLENTINO,EDWARD,PANGANIBAN,HUMSS,edward.tolentino189@hotmail.com,2026-603-585,56.88
RIVERA,DAVID,BAUTISTA,GAS,david.rivera783@gmail.com,2026-376-522,61.13
